{
  "table" :{
    "2": {"0": -0.033262, "1": 0.033262},
    "3": {"0": -0.182379, "1": 0.253749, "2": -0.071371},
    "4": {"0": -0.293621, "1": 0.182144, "2": 0.231507, "3": -0.120029},
    "5": {"0": -0.362584, "1": 0.132129, "2": 0.166821, "3": 0.212191, "4": -0.148557},
    "6": {"0": -0.429782, "1": 0.115609, "2": 0.131607, "3": 0.155498, "4": 0.206022, "5": -0.178954}
  }
}
